{"type": "block", "layer": 11, "block": 0, "features": [{"geom": {"pts": [[-9.013756965936054, -16.677291592950283, 2.3597208053628664]], "r": 0.008279722124080234}, "mtl": 0, "prop": ["Museu das Ilhas - SEDE", "Agendamento de visitas: museudasilhas@gmail.com"], "lh": 7.45174991167221}]}