{"type": "block", "layer": 13, "block": 0, "features": [{"geom": {"polygons": [[[[-3.5691235063990243, -24.886432390989736], [-3.4856179891449566, -25.151288354443313], [-3.574561503656687, -25.179604987948462], [-3.658067020879913, -24.91485540667558], [-3.5691235063990243, -24.886432390989736]]]], "centroids": [[-3.5718421842965475, -25.033036859558862, 2.4839166372240697]], "h": 0.248391663722407}, "mtl": {"face": 0, "border": 1}}, {"geom": {"polygons": [[[[-7.8318681717214345, -14.667949406206521], [-7.617482042481772, -14.996752108616962], [-7.709098470893277, -15.057105451407672], [-7.7432933350113196, -15.079564993422327], [-7.745874079460691, -15.075626589978146], [-7.824771124464458, -14.954707031305073], [-7.831591663393361, -14.9591776463198], [-7.882008349841701, -14.881899899039244], [-7.883575230421452, -14.879664593130004], [-7.88569512764194, -14.881048353936468], [-7.917585755630974, -14.832084521684928], [-7.924774972353776, -14.836768017687461], [-7.973901286581292, -14.761512777343512], [-7.8318681717214345, -14.667949406206521]]]], "centroids": [[-7.7938277826985205, -14.871881022278748, 2.4839166372240697]], "h": 0.2732308300946477}, "mtl": {"face": 0, "border": 1}}, {"geom": {"polygons": [[[[-2.912324040775954, -27.084182164348903], [-2.9080842463041376, -27.09440188753839], [-2.8749032460865633, -27.080775590163174], [-2.851492207025741, -27.13666471165674], [-2.8546259681621167, -27.137835722116712], [-2.8406162125027, -27.172007942790078], [-2.9171168519116386, -27.205222074424388], [-2.933154335364269, -27.16657871073083], [-2.9280850158773744, -27.164236689136157], [-2.9319561325784225, -27.154549236769242], [-2.9488231410152888, -27.11217995001652], [-2.9450441937800664, -27.110157296052517], [-2.9491918188168986, -27.099085927658717], [-2.912324040775954, -27.084182164348903]]]], "centroids": [[-2.8968326217899074, -27.140247283716608, 2.4839166372240697]], "h": 0.248391663722407}, "mtl": {"face": 0, "border": 1}}, {"geom": {"polygons": [[[[-9.027213704908466, -16.68985209772143], [-8.8831528622554, -16.940317390461384], [-9.154223200239286, -17.097749980198117], [-9.161228078053568, -17.10190134984153], [-9.164177500304561, -17.09668552647869], [-9.224824995146253, -16.991304660563415], [-9.271278395473987, -17.01823531627684], [-9.351373643240473, -16.87900496469112], [-9.279757984409908, -16.837278473043487], [-9.027213704908466, -16.68985209772143]]]], "centroids": [[-9.110590655979456, -16.899292563877683, 2.4839166372240697]], "h": 0.248391663722407}, "mtl": {"face": 0, "border": 1}}, {"geom": {"polygons": [[[[-1.4165982860730897, -29.745814757079575], [-1.5483084230969002, -29.8035150791308], [-1.6500634904513534, -29.56536838157895], [-1.5190907089999317, -29.50788110551749], [-1.4165982860730897, -29.745814757079575]]]], "centroids": [[-1.5334657622420367, -29.655748308457802, 2.4839166372240697]], "h": 0.248391663722407}, "mtl": {"face": 0, "border": 1}}, {"geom": {"polygons": [[[[-9.926603149983126, -14.306256972043462], [-9.833512010434559, -14.060481389999058], [-9.83010174097011, -14.051433793959067], [-9.71101881793448, -14.096991108963586], [-9.777380818369629, -14.272408243798896], [-9.793602640730775, -14.315304589936687], [-9.807428057481676, -14.351814397027436], [-9.926603149983126, -14.306256972043462]]]], "centroids": [[-9.818790684138651, -14.201643620148156, 2.4839166372240697]], "h": 0.32290916283912907}, "mtl": {"face": 0, "border": 1}}, {"geom": {"polygons": [[[[-0.8074504235713154, -30.942730296614613], [-0.7955605651478126, -30.93762024855024], [-0.7459734037145449, -30.91611546568215], [-0.7170321979456551, -30.903659727108977], [-0.6962019033573408, -30.952098718691847], [-0.7024694256300867, -30.954866661750664], [-0.6840355366134643, -30.997982707058625], [-0.6790583865692645, -30.995747059821742], [-0.6585046003167394, -31.043760255916588], [-0.7477246231565482, -31.08229857991131], [-0.7941780234842877, -30.973709968265766], [-0.8074504235713154, -30.942730296614613]]]], "centroids": [[-0.7335888104725852, -30.99323072496438, 2.4839166372240697]], "h": 0.248391663722407}, "mtl": {"face": 0, "border": 1}}, {"geom": {"polygons": [[[[-6.636246130183193, -18.582460487797043], [-6.72592700023647, -18.619823345916735], [-6.740397603132481, -18.586505468940526], [-6.781505175622115, -18.491661346365348], [-6.796897472968183, -18.456108128228635], [-6.765191183841401, -18.44152492545159], [-6.739568078125114, -18.42981578597983], [-6.708783483471531, -18.415658373640046], [-6.636246130183193, -18.582460487797043]]]], "centroids": [[-6.716817496071192, -18.51848428094018, 2.4839166372240697]], "h": 0.248391663722407}, "mtl": {"face": 0, "border": 1}}, {"geom": {"polygons": [[[[-9.645394173048583, -14.08655975940025], [-9.55221086405732, -14.101674572371339], [-9.570460414188553, -14.214716411228288], [-9.577833969804455, -14.260486681713624], [-9.583271967062117, -14.294122521054945], [-9.676455276022539, -14.278901237996703], [-9.67304500655809, -14.258570716507926], [-9.645394173048583, -14.08655975940025]]]], "centroids": [[-9.614295891545165, -14.190307594198927, 2.4839166372240697]], "h": 0.248391663722407}, "mtl": {"face": 0, "border": 1}}, {"geom": {"polygons": [[[[0.6514075530983154, -33.12846958417171], [0.5604363107933663, -33.15040066416136], [0.5515880440712495, -33.11324558472705], [0.5133377243667803, -33.12250773796508], [0.49103271866454135, -33.02914101193793], [0.5241215494394158, -33.02115640409732], [0.5137985716033744, -32.97772014795076], [0.6100234722574704, -32.954511567438395], [0.6514075530983154, -33.12846958417171]]]], "centroids": [[0.5728457329191694, -33.055245663555645, 2.4839166372240697]], "h": 0.2732308300946477}, "mtl": {"face": 0, "border": 1}}, {"geom": {"polygons": [[[[-8.553462757215325, -18.060339879632785], [-8.60811923814319, -17.861072511879062], [-8.6300555660978, -17.84936343680648], [-8.576412949039547, -17.74813321458542], [-8.554845298886555, -17.758990710105927], [-8.383594469960581, -17.70246787796033], [-8.34414594747026, -17.827222643830975], [-8.441937728680982, -17.860646727309938], [-8.458804737117841, -17.80646565465513], [-8.481109742843218, -17.812745974017325], [-8.522125145882448, -17.885448681432106], [-8.49991230963061, -17.955170944220686], [-8.450970334288483, -17.93909756352908], [-8.452537214845101, -17.934520376089452], [-8.383502300517886, -17.912273119091573], [-8.382027589380826, -17.917488982748726], [-8.307093830543932, -17.893538590489385], [-8.286355705382887, -17.97294746745688], [-8.418158011849386, -18.016058209846786], [-8.493644787357862, -18.040753754170982], [-8.553462757215325, -18.060339879632785]]]], "centroids": [[-8.470710727539343, -17.882928605499842, 2.4839166372240697]], "h": 0.248391663722407}, "mtl": {"face": 0, "border": 1}}, {"geom": {"polygons": [[[[-2.4942434378957214, -28.027488075825527], [-2.4698185349575743, -28.078587158421264], [-2.5284383020291843, -28.107969142098852], [-2.5298208437004144, -28.104988360775536], [-2.5528632049673314, -28.05367635256789], [-2.4942434378957214, -28.027488075825527]]]], "centroids": [[-2.5115490962883014, -28.067142662655804, 2.4839166372240697]], "h": 0.248391663722407}, "mtl": {"face": 0,